id,stationname,hastide,sunrise,sunset,moonrise,humidity,temperature,description,rainamount,wind,sunshine,created_at,updated_at
2,Male,1,05:57,18:11,13:54,85%,29°C,cloudy,2.2 mm,W 17 mph,9:54,2019-09-09 00:00:06,2019-09-09 00:00:06
3,Male,1,05:57,18:10,14:45,85%,28°C,fine,2.2 mm,NW 06 mph,9:54,2019-09-09 03:04:16,2019-09-09 03:04:16
4,Male,1,05:57,18:10,14:45,77%,31°C,fine,2.8 mm,WNW 05 mph,9:54,2019-09-09 12:00:10,2019-09-09 12:00:10
5,Male,1,05:57,18:10,15:33,75%,31°C,fine,NIL,WNW 07 mph,10:60,2019-09-10 12:00:09,2019-09-10 12:00:09
6,Male,1,05:57,18:10,15:33,81%,30°C,fine,NIL,W 08 mph,10:24,2019-09-11 00:00:07,2019-09-11 00:00:07
7,Male,1,05:57,18:09,16:19,76%,30°C,fine,NIL,WNW 09 mph,10:24,2019-09-11 12:00:06,2019-09-11 12:00:06
8,Male,1,05:57,18:09,16:19,78%,29°C,partly cloudy,NIL,W 06 mph,8:36,2019-09-12 00:00:10,2019-09-12 00:00:10
9,Male,1,05:56,18:09,17:03,78%,29°C,fine,Nil mm,Variable 02 mph,2:30,2019-09-13 00:00:06,2019-09-13 00:00:06
10,Male,1,05:56,18:08,17:45,80%,29°C,cloudy,2.6 mm,Variable 02 mph,2:30,2019-09-13 12:00:05,2019-09-13 12:00:05
11,Male,1,05:56,18:08,17:45,85%,28°C,partly cloudy,2.6 mm,NE 03 mph,1:42,2019-09-14 00:00:04,2019-09-14 00:00:04
12,Male,1,05:56,18:08,18:26,68%,31°C,fine,0.5 mm,ENE 12 mph,1:42,2019-09-14 12:00:06,2019-09-14 12:00:06
13,Male,1,05:56,18:08,18:26,74%,29°C,fine,0.5 mm,ESE 05 mph,6:30,2019-09-15 00:00:05,2019-09-15 00:00:05
14,Male,1,05:56,18:08,19:06,71%,31°C,partly cloudy,Trace mm,S 05 mph,6:30,2019-09-15 12:00:09,2019-09-15 12:00:09
15,Male,1,05:56,18:08,19:06,78%,29°C,cloudy,Trace mm,Variable 02 mph,2:36,2019-09-16 00:00:04,2019-09-16 00:00:04
16,Male,1,05:55,18:07,19:45,82%,30°C,slight shower,NIL,WSW 05 mph,2:36,2019-09-16 12:00:05,2019-09-16 12:00:05
17,Male,1,05:55,18:07,19:45,78%,29°C,fine,NIL,WNW 05 mph,6:30,2019-09-17 00:00:06,2019-09-17 00:00:06
18,Male,1,05:55,18:07,20:26,72%,30°C,fine,1.2 mm,WNW 06 mph,6:30,2019-09-17 12:00:10,2019-09-17 12:00:10
19,Male,1,05:55,18:07,20:26,77%,29°C,fine,1.2 mm,W 05 mph,9:24,2019-09-18 00:00:04,2019-09-18 00:00:04
20,Male,1,05:55,18:07,20:26,74%,29°C,fine,Trace mm,WSW 08 mph,7:30,2019-09-19 00:00:05,2019-09-19 00:00:05
21,Male,1,05:55,18:06,21:54,69%,32°C,partly cloudy,Trace mm,W 10 mph,7:30,2019-09-19 12:00:05,2019-09-19 12:00:05
22,Male,1,05:54,18:05,22:42,70%,31°C,fine,Trace mm,NW 06 mph,8:12,2019-09-20 12:00:11,2019-09-20 12:00:11
23,Male,1,05:54,18:05,22:42,83%,27°C,slight rain,Trace mm,WNW 15 mph,3:0,2019-09-21 00:00:10,2019-09-21 00:00:10
24,Male,1,05:54,18:05,23:34,79%,28°C,slight rain,Trace mm,WNW 15 mph,3:0,2019-09-21 12:00:06,2019-09-21 12:00:06
25,Male,1,05:54,18:05,23:34,78%,29°C,partly cloudy,Trace mm,WSW 10 mph,0:0,2019-09-22 00:00:07,2019-09-22 00:00:07
26,Male,1,05:54,18:04,00:00,81%,29°C,cloudy,6.7 mm,W 13 mph,0:0,2019-09-22 12:00:11,2019-09-22 12:00:11
27,Male,1,05:54,18:04,00:29,75%,30°C,cloudy,11.7 mm,WSW 12 mph,0:0,2019-09-23 12:00:07,2019-09-23 12:00:07
28,Male,1,05:54,18:04,00:29,95%,26°C,slight rain,11.7 mm,W 21 mph,2:0,2019-09-24 00:00:09,2019-09-24 00:00:09
29,Male,1,05:54,18:03,01:27,84%,28°C,cloudy,21.5 mm,W 25 mph,2:0,2019-09-24 12:00:05,2019-09-24 12:00:05
30,Male,1,05:54,18:03,01:27,76%,29°C,windy,21.5 mm,W 24 mph,1:12,2019-09-25 00:00:05,2019-09-25 00:00:05
31,Male,1,05:53,18:03,02:27,77%,29°C,cloudy,2.2 mm,WNW 06 mph,1:12,2019-09-25 12:00:09,2019-09-25 12:00:09
32,Male,1,05:53,18:03,02:27,74%,28°C,cloudy,2.2 mm,SSW 14 mph,0:0,2019-09-26 00:00:05,2019-09-26 00:00:05
33,Male,1,05:53,18:03,02:27,74%,29°C,cloudy,2.2 mm,E 12 mph,0:0,2019-09-26 12:00:12,2019-09-26 12:00:12
34,Male,1,05:53,18:03,02:27,85%,28°C,cloudy,2.2 mm,SSW 03 mph,0:30,2019-09-27 00:00:04,2019-09-27 00:00:04
35,Male,1,05:53,18:02,04:26,85%,25°C,slight rain,16.1 mm,SSE 12 mph,0:30,2019-09-27 12:00:05,2019-09-27 12:00:05
36,Male,1,05:53,18:02,04:26,77%,28°C,cloudy,16.1 mm,E 10 mph,0:0,2019-09-28 00:00:06,2019-09-28 00:00:06
37,Male,1,05:53,18:01,05:23,75%,29°C,partly cloudy,3.6 mm,ENE 05 mph,0:0,2019-09-28 12:00:10,2019-09-28 12:00:10
38,Male,1,05:53,18:01,05:23,79%,29°C,fine,3.6 mm,NNE 03 mph,7:36,2019-09-29 00:00:05,2019-09-29 00:00:05
39,Male,1,05:52,18:01,06:19,89%,26°C,slight shower,3.6 mm,E 12 mph,7:36,2019-09-29 12:00:09,2019-09-29 12:00:09
40,Male,1,05:52,18:01,07:15,70%,30°C,partly cloudy,16.9 mm,ESE 06 mph,1:36,2019-09-30 12:00:06,2019-09-30 12:00:06
41,Male,1,05:52,18:01,07:15,84%,27°C,partly cloudy,16.9 mm,SSW 06 mph,5:42,2019-10-01 00:00:10,2019-10-01 00:00:10
42,Male,1,05:52,18:00,08:10,72%,30°C,fine,16.9 mm,SE 13 mph,5:42,2019-10-01 12:00:10,2019-10-01 12:00:10
43,Male,1,05:52,18:00,08:10,79%,28°C,fine,16.9 mm,ESE 14 mph,4:24,2019-10-02 00:00:06,2019-10-02 00:00:06
44,Male,1,05:52,18:00,09:05,75%,31°C,partly cloudy,NIL,E 13 mph,4:24,2019-10-02 12:00:10,2019-10-02 12:00:10
45,Male,1,05:52,18:00,09:05,86%,28°C,fine,NIL,ENE 06 mph,5:42,2019-10-03 00:00:10,2019-10-03 00:00:10
46,Male,1,05:51,17:59,10:00,90%,27°C,cloudy,21.0 mm,NNE 10 mph,5:42,2019-10-03 12:00:09,2019-10-03 12:00:09
47,Male,1,05:51,17:59,10:00,84%,28°C,partly cloudy,21.0 mm,SSW 03 mph,5:42,2019-10-04 00:00:05,2019-10-04 00:00:05
48,Male,1,05:51,17:59,10:55,75%,29°C,fine,6.1 mm,WNW 06 mph,5:42,2019-10-04 12:00:06,2019-10-04 12:00:06
49,Male,1,05:51,17:59,10:55,76%,27°C,partly cloudy,6.1 mm,SSE 09 mph,6:30,2019-10-05 00:00:10,2019-10-05 00:00:10
50,Male,1,05:51,17:59,10:55,71%,30°C,fine,6.1 mm,WNW 08 mph,6:30,2019-10-05 12:00:10,2019-10-05 12:00:10
51,Male,1,05:51,17:59,10:55,82%,28°C,slight shower,6.1 mm,WSW 13 mph,6:30,2019-10-06 00:00:04,2019-10-06 00:00:04
52,Male,1,05:51,17:58,12:40,81%,28°C,partly cloudy,13.1 mm,SSW 06 mph,5:12,2019-10-07 00:00:11,2019-10-07 00:00:11
53,Male,1,05:51,17:58,13:30,81%,29°C,slight shower,Trace mm,SE 05 mph,5:12,2019-10-07 12:00:05,2019-10-07 12:00:05
54,Male,1,05:51,17:58,13:30,90%,27°C,fine,Trace mm,Calm mph,5:12,2019-10-08 00:00:10,2019-10-08 00:00:10
55,Male,1,05:50,17:57,14:17,72%,29°C,partly cloudy,Trace mm,Variable 02 mph,0:54,2019-10-08 12:00:06,2019-10-08 12:00:06
56,Male,1,05:50,17:57,14:17,85%,27°C,cloudy,Trace mm,WSW 05 mph,5:30,2019-10-09 00:00:10,2019-10-09 00:00:10
57,Male,1,05:50,17:57,15:01,74%,30°C,fine,14.1 mm,SSW 05 mph,5:30,2019-10-09 12:00:05,2019-10-09 12:00:05
58,Male,1,05:50,17:57,15:01,90%,27°C,lightning,14.1 mm,W 12 mph,8:18,2019-10-10 00:00:04,2019-10-10 00:00:04
59,Male,1,05:50,17:57,15:01,90%,26°C,slight rain,63.0 mm,S 03 mph,8:18,2019-10-10 12:00:04,2019-10-10 12:00:04
60,Male,1,05:50,17:57,15:01,88%,27°C,fine,63.0 mm,WNW 06 mph,1:18,2019-10-11 00:00:09,2019-10-11 00:00:09
61,Male,1,05:50,17:56,16:25,84%,28°C,slight shower,1.8 mm,SW 06 mph,1:18,2019-10-11 12:00:05,2019-10-11 12:00:05
62,Male,1,05:50,17:56,16:25,90%,27°C,slight rain,1.8 mm,Variable 02 mph,5:0,2019-10-12 00:00:08,2019-10-12 00:00:08
63,Male,1,05:50,17:56,16:25,75%,31°C,fine,5.4 mm,SSW 06 mph,5:0,2019-10-12 12:00:06,2019-10-12 12:00:06
64,Male,1,05:50,17:56,16:25,94%,25°C,cloudy,5.4 mm,SW 05 mph,7:42,2019-10-13 00:00:05,2019-10-13 00:00:05
65,Male,1,05:50,17:56,16:25,77%,29°C,fine,63.8 mm,ESE 05 mph,7:42,2019-10-13 12:00:06,2019-10-13 12:00:06
66,Male,1,05:50,17:56,16:25,91%,28°C,fine,63.8 mm,ESE 05 mph,7:42,2019-10-14 00:00:05,2019-10-14 00:00:05
67,Male,1,05:50,17:55,18:25,80%,31°C,fine,63.8 mm,E 07 mph,7:42,2019-10-14 12:00:12,2019-10-14 12:00:12
68,Male,1,05:50,17:55,18:25,80%,28°C,fine,63.8 mm,Variable 01 mph,11:0,2019-10-15 00:00:06,2019-10-15 00:00:06
69,Male,1,05:50,17:55,18:25,72%,31°C,fine,Nil mm,WNW 05 mph,11:0,2019-10-15 12:00:05,2019-10-15 12:00:05
70,Male,1,05:50,17:55,18:25,90%,27°C,cloudy,Nil mm,WNW15 mph,9:36,2019-10-16 00:00:11,2019-10-16 00:00:11
71,Male,1,05:49,17:54,19:52,87%,28°C,partly cloudy,0.9 mm,W 12 mph,9:36,2019-10-16 12:00:12,2019-10-16 12:00:12
72,Male,1,05:49,17:54,19:52,82%,28°C,fine,0.9 mm,SSW 08 mph,2:24,2019-10-17 00:00:05,2019-10-17 00:00:05
73,Male,1,05:49,17:54,19:52,80%,29°C,cloudy,17.5 mm,SSW 06 mph,2:24,2019-10-17 12:00:11,2019-10-17 12:00:11
74,Male,1,05:49,17:54,19:52,82%,28°C,fine,17.5 mm,SSW 05 mph,0:0,2019-10-18 00:00:11,2019-10-18 00:00:11
75,Male,1,05:49,17:54,19:52,81%,29°C,cloudy,21.3 mm,W 06 mph,0:0,2019-10-18 12:00:06,2019-10-18 12:00:06
76,Male,1,05:49,17:54,19:52,93%,26°C,fine,21.3 mm,Variable 02 mph,0:36,2019-10-19 00:00:09,2019-10-19 00:00:09
77,Male,1,05:49,17:53,22:23,75%,30°C,fine,35.3 mm,SE 07 mph,0:36,2019-10-19 12:00:05,2019-10-19 12:00:05
78,Male,1,05:49,17:53,22:23,77%,28°C,slight rain,35.3 mm,Variable 02 mph,7:48,2019-10-21 00:00:10,2019-10-21 00:00:10
79,Male,1,05:49,17:53,00:00,73%,30°C,cloudy,12.0 mm,SE 03 mph,5:42,2019-10-21 12:00:05,2019-10-21 12:00:05
80,Male,1,05:49,17:53,00:00,71%,28°C,cloudy,12.0 mm,SW 06 mph,3:0,2019-10-22 00:00:12,2019-10-22 00:00:12
81,Male,1,05:49,17:53,00:17,81%,29°C,partly cloudy,0.6 mm,S 03 mph,3:0,2019-10-22 12:00:07,2019-10-22 12:00:07
82,Male,1,05:49,17:53,00:17,78%,29°C,fine,0.6 mm,SSE 09 mph,5:48,2019-10-23 00:00:18,2019-10-23 00:00:18
83,Male,1,05:49,17:52,01:15,65%,32°C,fine,0.6 mm,SE 14 mph,5:48,2019-10-23 12:00:09,2019-10-23 12:00:09
84,Male,1,05:49,17:52,02:12,75%,29°C,fine,0.6 mm,SSW 08 mph,7:54,2019-10-24 00:00:04,2019-10-24 00:00:04
85,Male,1,05:49,17:52,02:12,66%,31°C,partly cloudy,Trace mm,S 10 mph,7:54,2019-10-24 12:00:05,2019-10-24 12:00:05
86,Male,1,05:49,17:52,03:08,74%,28°C,cloudy,6.8 mm,SSE 09 mph,0:12,2019-10-26 00:00:05,2019-10-26 00:00:05
87,Male,1,05:49,17:52,03:08,67%,31°C,fine,23.3 mm,SSW 05 mph,0:12,2019-10-26 12:00:04,2019-10-26 12:00:04
88,Male,1,05:49,17:52,03:08,81%,28°C,fine,23.3 mm,SE 10 mph,7:48,2019-10-27 00:00:06,2019-10-27 00:00:06
89,Male,1,05:49,17:52,04:58,70%,31°C,fine,NIL,ESE 06 mph,7:48,2019-10-27 12:00:05,2019-10-27 12:00:05
90,Male,1,05:49,17:52,04:58,78%,29°C,fine,NIL,ENE 08 mph,7:48,2019-10-28 00:00:10,2019-10-28 00:00:10
91,Male,1,05:49,17:52,04:58,75%,31°C,partly cloudy,NIL,NNE 12 mph,7:48,2019-10-28 12:00:13,2019-10-28 12:00:13
92,Male,1,05:49,17:52,04:58,76%,29°C,fine,NIL,NNW 09 mph,4:12,2019-10-29 00:00:04,2019-10-29 00:00:04
93,Male,1,05:49,17:51,06:48,92%,25°C,slight rain,NIL,NNE 18 mph,4:12,2019-10-29 12:00:05,2019-10-29 12:00:05
94,Male,1,05:49,17:51,06:48,77%,28°C,partly cloudy,NIL,W 09 mph,0:0,2019-10-30 00:00:05,2019-10-30 00:00:05
95,Male,1,05:49,17:51,06:48,73%,30°C,cloudy,15.1 mm,SW 07 mph,0:48,2019-10-31 12:00:10,2019-10-31 12:00:10
96,Male,1,05:49,17:51,06:48,82%,28°C,fine,15.1 mm,SW 05 mph,0:48,2019-11-01 00:00:05,2019-11-01 00:00:05
97,Male,1,05:49,17:51,06:48,70%,31°C,fine,15.1 mm,S 06 mph,0:48,2019-11-01 12:00:05,2019-11-01 12:00:05
98,Male,1,05:49,17:51,06:48,80%,28°C,fine,15.1 mm,CALM,8:06,2019-11-02 00:00:10,2019-11-02 00:00:10
99,Male,1,05:49,17:51,10:31,84%,27°C,cloudy,15.1 mm,CALM,8:06,2019-11-02 12:00:06,2019-11-02 12:00:06
100,Male,1,05:49,17:51,10:31,78%,29°C,fine,15.1 mm,Variable 02 mph,7:36,2019-11-03 00:00:10,2019-11-03 00:00:10
101,Male,1,05:49,17:51,10:31,75%,29°C,fine,0.5 mm,N 03 mph,9:30,2019-11-04 00:00:04,2019-11-04 00:00:04
102,Male,1,05:49,17:50,12:12,75%,30°C,partly cloudy,0.5 mm,E 05 mph,9:30,2019-11-04 12:00:10,2019-11-04 12:00:10
103,Male,1,05:49,17:50,12:12,74%,29°C,partly cloudy,0.5 mm,N 03 mph,6:0,2019-11-05 00:00:10,2019-11-05 00:00:10
104,Male,1,05:49,17:50,12:12,80%,29°C,cloudy,0.5 mm,NW 03 mph,6:0,2019-11-05 12:00:05,2019-11-05 12:00:05
105,Male,1,05:49,17:50,13:41,79%,28°C,thundershower,6.9 mm,NW 09 mph,3:36,2019-11-06 12:00:05,2019-11-06 12:00:05
106,Male,1,05:49,17:50,13:41,80%,28°C,cloudy,6.9 mm,WNW 09 mph,0:0,2019-11-07 00:00:10,2019-11-07 00:00:10
107,Male,1,05:49,17:50,14:23,74%,31°C,partly cloudy,3.7 mm,WNW 10 mph,0:0,2019-11-07 12:00:05,2019-11-07 12:00:05
108,Male,1,05:49,17:50,14:23,87%,27°C,cloudy,3.7 mm,Variable 01 mph,6:30,2019-11-08 00:00:05,2019-11-08 00:00:05
109,Male,1,05:49,17:50,15:03,71%,31°C,cloudy,9.9 mm,SSW 05 mph,6:30,2019-11-08 12:00:11,2019-11-08 12:00:11
110,Male,1,05:49,17:50,15:03,86%,28°C,cloudy,9.9 mm,WSW 10 mph,5:18,2019-11-09 00:00:04,2019-11-09 00:00:04
111,Male,1,05:49,17:50,15:03,81%,29°C,fine,0.9 mm,Variable 02 mph,5:18,2019-11-09 12:00:04,2019-11-09 12:00:04
112,Male,1,05:50,17:50,16:23,74%,30°C,fine,0.9 mm,SSW 04 mph,6:36,2019-11-10 12:00:05,2019-11-10 12:00:05
113,Male,1,05:50,17:50,16:23,83%,28°C,fine,1.4 mm,S 03 mph,6:18,2019-11-11 00:00:10,2019-11-11 00:00:10
114,Male,1,05:50,17:50,16:23,78%,30°C,cloudy,2.5 mm,WSW 09 mph,6:18,2019-11-11 12:00:09,2019-11-11 12:00:09
115,Male,1,05:50,17:50,16:23,82%,28°C,fine,2.5 mm,SSE 03 mph,6:36,2019-11-12 00:00:06,2019-11-12 00:00:06
116,Male,1,05:50,17:50,17:49,70%,31°C,fine,0.6 mm,E 05 mph,6:36,2019-11-12 12:00:06,2019-11-12 12:00:06
117,Male,1,05:52,17:51,01:00,75%,30°C,partly cloudy,19.4 mm,E 05 mph,7:36,2019-11-21 17:07:14,2019-11-21 17:07:14
118,Male,1,05:53,17:51,01:54,71%,31°C,fine,NIL,ENE 07 mph,10:18,2019-11-22 12:00:09,2019-11-22 12:00:09
119,Male,1,05:53,17:51,01:54,78%,29°C,fine,NIL,ENE 12 mph,10:30,2019-11-23 00:00:05,2019-11-23 00:00:05
120,Male,1,05:53,17:52,02:46,97%,25°C,thundershower,0.3 mm,E 13 mph,10:30,2019-11-23 12:00:09,2019-11-23 12:00:09
121,Male,1,05:53,17:52,02:46,80%,29°C,windy,0.3 mm,ESE 17 mph,4:06,2019-11-24 00:00:09,2019-11-24 00:00:09
122,Male,1,05:53,17:52,02:46,80%,29°C,windy,0.3 mm,ESE 17 mph,4:06,2019-11-24 00:08:20,2019-11-24 00:08:20
123,Male,1,05:53,17:52,02:46,80%,29°C,windy,0.3 mm,ESE 17 mph,4:06,2019-11-24 00:09:23,2019-11-24 00:09:23
124,Male,1,05:53,17:52,03:39,83%,29°C,lightning,0.3 mm,E 07 mph,9:36,2019-11-25 00:00:08,2019-11-25 00:00:08
125,Male,1,05:53,17:52,03:39,74%,30°C,partly cloudy,34.8 mm,E 06 mph,9:36,2019-11-25 12:00:05,2019-11-25 12:00:05
126,Male,1,05:53,17:52,03:39,81%,29°C,thunder,34.8 mm,ENE 12 mph,4:24,2019-11-26 00:00:04,2019-11-26 00:00:04
127,Male,1,05:54,17:52,05:28,76%,30°C,partly cloudy,30.3 mm,W 14 mph,4:24,2019-11-26 12:00:05,2019-11-26 12:00:05
128,Male,1,05:54,17:52,05:28,87%,26°C,slight shower,30.3 mm,E 30 mph,4:06,2019-11-27 00:00:11,2019-11-27 00:00:11
129,Male,1,05:54,17:53,06:25,82%,30°C,cloudy,27.3 mm,ENE 15 mph,4:06,2019-11-27 12:00:05,2019-11-27 12:00:05
130,Male,1,05:54,17:53,06:25,85%,29°C,cloudy,27.3 mm,E 14 mph,5:0,2019-11-28 00:00:04,2019-11-28 00:00:04
131,Male,1,05:55,17:53,07:21,91%,27°C,slight rain,25.0 mm,E 10 mph,5:0,2019-11-28 12:00:05,2019-11-28 12:00:05
132,Male,1,05:55,17:53,07:21,92%,26°C,thundershower,25.0 mm,E 06 mph,1:06,2019-11-29 00:00:06,2019-11-29 00:00:06
133,Male,1,05:55,17:53,08:18,91%,27°C,cloudy,45.6 mm,N 06 mph,1:06,2019-11-29 12:00:04,2019-11-29 12:00:04
134,Male,1,05:55,17:53,08:18,84%,28°C,partly cloudy,45.6 mm,NE 08 mph,1:48,2019-11-30 00:00:05,2019-11-30 00:00:05
135,Male,1,05:55,17:53,09:12,89%,26°C,slight rain,41.5 mm,W 05 mph,1:48,2019-11-30 12:00:06,2019-11-30 12:00:06
136,Male,1,05:55,17:53,09:12,86%,27°C,cloudy,41.5 mm,SW 03 mph,0:0,2019-12-01 00:00:10,2019-12-01 00:00:10
137,Male,1,05:56,17:54,10:03,68%,31°C,cloudy,17.8 mm,SSW 10 mph,0:0,2019-12-01 12:00:06,2019-12-01 12:00:06
138,Male,1,05:56,17:54,10:52,79%,30°C,partly cloudy,63.1 mm,SE 06 mph,0:0,2019-12-02 12:00:05,2019-12-02 12:00:05
139,Male,1,05:56,17:54,10:52,82%,28°C,cloudy,63.1 mm,SE 06 mph,5:12,2019-12-03 00:00:04,2019-12-03 00:00:04
140,Male,1,05:57,17:54,11:36,76%,31°C,partly cloudy,9.8 mm,E 10 mph,5:12,2019-12-03 12:00:10,2019-12-03 12:00:10
141,Male,1,05:57,17:54,11:36,92%,27°C,slight rain,9.8 mm,E 18 mph,5:12,2019-12-04 00:00:05,2019-12-04 00:00:05
142,Male,1,05:55,17:55,12:19,78%,29°C,cloudy,6.3 mm,NE 07 mph,5:12,2019-12-04 12:00:05,2019-12-04 12:00:05
143,Male,1,05:55,17:55,12:19,83%,28°C,slight shower,6.3 mm,ENE 20 mph,0:24,2019-12-05 00:00:09,2019-12-05 00:00:09
144,Male,1,05:58,17:55,12:59,69%,30°C,partly cloudy,Trace mm,ENE 16 mph,0:24,2019-12-05 12:00:05,2019-12-05 12:00:05
145,Male,1,05:58,17:55,12:59,80%,28°C,partly cloudy,Trace mm,ESE 12 mph,7:0,2019-12-06 00:00:06,2019-12-06 00:00:06
146,Male,1,05:58,17:55,13:39,76%,30°C,partly cloudy,1.7 mm,ESE 12 mph,7:0,2019-12-06 12:00:07,2019-12-06 12:00:07
147,Male,1,05:58,17:56,14:19,67%,29°C,partly cloudy,15.6 mm,E 13 mph,8:36,2019-12-07 12:00:10,2019-12-07 12:00:10
148,Male,1,05:58,17:56,14:19,82%,28°C,partly cloudy,15.6 mm,E 15 mph,4:54,2019-12-08 00:00:05,2019-12-08 00:00:05
149,Male,1,05:59,17:56,15:00,81%,29°C,partly cloudy,4.6 mm,E 21 mph,10:06,2019-12-09 00:00:10,2019-12-09 00:00:10
150,Male,1,05:59,17:57,15:42,71%,31°C,windy,NIL,E 22 mph,10:06,2019-12-09 12:00:10,2019-12-09 12:00:10
151,Male,1,05:59,17:57,15:42,81%,29°C,windy,NIL,E 17 mph,10:24,2019-12-10 00:00:09,2019-12-10 00:00:09
152,Male,1,06:00,17:57,16:28,70%,31°C,windy,NIL,E 17 mph,10:24,2019-12-10 12:00:07,2019-12-10 12:00:07
153,Male,1,06:00,17:57,16:28,82%,28°C,fine,NIL,ENE 10 mph,6:36,2019-12-11 00:00:05,2019-12-11 00:00:05
154,Male,1,06:00,17:58,17:18,85%,26°C,cloudy,0.5 mm,Variable 02 mph,6:36,2019-12-11 12:00:06,2019-12-11 12:00:06
155,Male,1,06:01,17:58,18:11,86%,27°C,cloudy,0.5 mm,N 03 mph,0:0,2019-12-12 00:00:03,2019-12-12 00:00:03
156,Male,1,06:01,17:58,18:11,73%,30°C,fine,31.6 mm,E 07 mph,0:0,2019-12-12 12:00:04,2019-12-12 12:00:04
157,Male,1,06:01,17:58,18:11,79%,28°C,fine,31.6 mm,ENE 08 mph,7:36,2019-12-13 00:00:09,2019-12-13 00:00:09
158,Male,1,06:01,17:58,19:07,86%,28°C,lightning,3.1 mm,NNE 06 mph,5:06,2019-12-14 00:00:07,2019-12-14 00:00:07
159,Male,1,06:02,17:59,20:06,78%,29°C,fine,27.6 mm,NE 13 mph,5:06,2019-12-14 12:00:08,2019-12-14 12:00:08
160,Male,1,06:02,17:59,20:06,86%,27°C,partly cloudy,27.6 mm,NE 12 mph,4:12,2019-12-15 00:00:05,2019-12-15 00:00:05
161,Male,1,06:02,17:59,21:04,72%,31°C,partly cloudy,9.0 mm,ESE 12 mph,4:12,2019-12-15 12:00:11,2019-12-15 12:00:11
162,Male,1,06:03,18:00,22:02,84%,28°C,cloudy,9.0 mm,SE 13 mph,6:30,2019-12-16 00:00:05,2019-12-16 00:00:05
163,Male,1,06:03,18:00,22:02,73%,30°C,fine,1.0 mm,E 15 mph,6:30,2019-12-16 12:00:07,2019-12-16 12:00:07
164,Male,1,06:03,18:00,22:02,77%,28°C,cloudy,1.0 mm,E 15 mph,8:48,2019-12-17 00:00:06,2019-12-17 00:00:06
165,Male,1,06:03,18:00,22:57,82%,28°C,windy,NIL,E 18 mph,4:42,2019-12-18 00:00:06,2019-12-18 00:00:06
166,Male,1,06:03,18:00,22:57,84%,28°C,cloudy,19.2 mm,ENE 15 mph,4:42,2019-12-18 12:00:08,2019-12-18 12:00:08
167,Male,1,06:03,18:00,22:57,91%,27°C,thundershower,19.2 mm,E 21 mph,0:42,2019-12-19 00:00:11,2019-12-19 00:00:11
168,Male,1,06:04,18:01,00:00,94%,25°C,slight rain,42.2 mm,ESE 09 mph,0:42,2019-12-19 12:00:05,2019-12-19 12:00:05
169,Male,1,06:04,18:01,00:00,89%,27°C,cloudy,42.2 mm,E 06 mph,0:0,2019-12-20 00:00:10,2019-12-20 00:00:10
170,Male,1,06:05,18:02,00:42,88%,25°C,windy,44.0 mm,E 25 mph,0:0,2019-12-21 00:00:05,2019-12-21 00:00:05
171,Male,1,06:05,18:02,01:34,74%,29°C,cloudy,47.9 mm,ESE 16 mph,0:0,2019-12-21 12:00:10,2019-12-21 12:00:10
172,Male,1,06:05,18:02,01:34,88%,28°C,partly cloudy,47.9 mm,E 14 mph,2:30,2019-12-22 00:00:08,2019-12-22 00:00:08
173,Male,1,06:06,18:03,02:25,82%,29°C,slight shower,47.9 mm,ESE 13 mph,2:30,2019-12-22 12:00:10,2019-12-22 12:00:10
174,Male,1,06:06,18:03,02:25,95%,26°C,cloudy,47.9 mm,W 10 mph,6:18,2019-12-23 00:00:10,2019-12-23 00:00:10
175,Male,1,06:07,18:04,04:12,83%,27°C,cloudy,6.7 mm,NNE 03 mph,1:0,2019-12-24 00:00:06,2019-12-24 00:00:06
176,Male,1,06:07,18:04,04:12,74%,30°C,fine,Trace mm,E 08 mph,1:0,2019-12-24 12:00:05,2019-12-24 12:00:05
177,Male,1,06:07,18:04,05:08,82%,28°C,fine,Trace mm,E 16 mph,10:06,2019-12-25 00:00:06,2019-12-25 00:00:06
178,Male,1,06:07,18:04,05:08,73%,31°C,fine,NIL,ESE 10 mph,10:06,2019-12-25 12:00:04,2019-12-25 12:00:04
179,Male,1,06:07,18:04,05:08,80%,29°C,fine,NIL,ESE 08 mph,10:0,2019-12-26 00:00:04,2019-12-26 00:00:04
180,Male,1,06:07,18:04,05:08,80%,29°C,partly cloudy,Trace mm,E 13 mph,10:0,2019-12-26 12:00:08,2019-12-26 12:00:08
181,Male,1,06:07,18:04,05:08,82%,28°C,fine,Trace mm,ENE 12 mph,8:30,2019-12-27 00:00:06,2019-12-27 00:00:06
182,Male,1,06:08,18:05,06:59,71%,31°C,fine,2.2 mm,E 16 mph,8:30,2019-12-27 12:00:05,2019-12-27 12:00:05
183,Male,1,06:08,18:05,06:59,83%,28°C,fine,2.2 mm,E 10 mph,10:12,2019-12-28 00:00:06,2019-12-28 00:00:06
184,Male,1,06:09,18:06,07:53,67%,31°C,fine,NIL,ENE 14 mph,10:12,2019-12-28 12:00:05,2019-12-28 12:00:05
185,Male,1,06:09,18:06,07:53,79%,28°C,fine,NIL,E 15 mph,9:42,2019-12-29 00:00:09,2019-12-29 00:00:09
186,Male,1,06:09,18:06,08:43,89%,27°C,cloudy,NIL,E 09 mph,9:42,2019-12-29 12:00:10,2019-12-29 12:00:10
187,Male,1,06:09,18:06,08:43,79%,28°C,windy,NIL,E 17 mph,4:54,2019-12-30 00:00:06,2019-12-30 00:00:06
188,Male,1,06:10,18:07,09:30,69%,31°C,fine,5.2 mm,E 15 mph,4:54,2019-12-30 12:00:05,2019-12-30 12:00:05
189,Male,1,06:10,18:07,10:13,80%,28°C,fine,5.2 mm,ENE 14 mph,4:54,2019-12-31 00:00:06,2019-12-31 00:00:06
190,Male,1,06:10,18:07,10:13,66%,31°C,fine,NIL,ENE 15 mph,4:54,2019-12-31 12:00:06,2019-12-31 12:00:06
191,Male,1,06:10,18:07,10:13,79%,28°C,fine,NIL,ENE 13 mph,9:42,2020-01-01 00:00:05,2020-01-01 00:00:05
192,Male,1,06:12,18:05,10:55,71%,30°C,partly cloudy,Trace mm,E 11 mph,9:42,2020-01-01 12:00:05,2020-01-01 12:00:05
193,Male,1,06:12,18:05,10:55,77%,28°C,fine,Trace mm,E 13 mph,7:36,2020-01-02 00:00:10,2020-01-02 00:00:10
194,Male,1,06:10,18:10,11:35,72%,30°C,fine,0 mm,E 10 mph,7:36,2020-01-02 12:00:06,2020-01-02 12:00:06
195,Male,1,06:10,18:10,11:35,81%,29°C,fine,0 mm,ENE 14 mph,10:48,2020-01-03 00:00:06,2020-01-03 00:00:06
196,Male,1,06:10,18:11,12:14,81%,30°C,windy,0 mm,E 18 mph,10:48,2020-01-03 12:00:07,2020-01-03 12:00:07
197,Male,1,06:10,18:11,12:14,88%,28°C,fine,0 mm,E 09 mph,3:48,2020-01-04 00:00:05,2020-01-04 00:00:05
198,Male,1,06:12,18:11,12:54,76%,30°C,fine,1.9 mm,E 08 mph,3:48,2020-01-04 12:00:10,2020-01-04 12:00:10
199,Male,1,06:12,18:12,13:35,70%,31°C,fine,20.0 mm,NE 12 mph,3:18,2020-01-05 12:00:05,2020-01-05 12:00:05
200,Male,1,06:13,18:12,14:19,78%,29°C,partly cloudy,20.0 mm,E 13 mph,9:54,2020-01-06 00:00:06,2020-01-06 00:00:06
201,Male,1,06:13,18:12,14:19,69%,31°C,fine,NIL,E 13 mph,9:54,2020-01-06 12:00:06,2020-01-06 12:00:06
202,Male,1,06:13,18:12,14:19,75%,29°C,fine,NIL,E 17 mph,10:48,2020-01-07 00:00:12,2020-01-07 00:00:12
203,Male,1,06:15,18:08,15:06,75%,29°C,fine,NIL,E 15 mph,10:48,2020-01-07 12:00:06,2020-01-07 12:00:06
204,Male,1,06:15,18:08,15:06,78%,29°C,slight shower,NIL,E 15 mph,10:12,2020-01-08 00:00:07,2020-01-08 00:00:07
205,Male,1,06:13,18:13,15:57,72%,30°C,fine,0.2 mm,ENE 15 mph,10:12,2020-01-08 12:00:11,2020-01-08 12:00:11
206,Male,1,06:13,18:13,15:57,78%,29°C,fine,0.2 mm,ENE 16 mph,9:0,2020-01-09 00:00:10,2020-01-09 00:00:10
207,Male,1,06:14,18:14,16:53,70%,30°C,fine,NIL,ENE 10 mph,9:0,2020-01-09 12:00:05,2020-01-09 12:00:05
208,Male,1,06:14,18:14,16:53,80%,28°C,fine,NIL,ENE 10 mph,10:0,2020-01-10 00:00:10,2020-01-10 00:00:10
209,Male,1,06:14,18:14,16:53,68%,31°C,fine,NIL,E 13 mph,10:0,2020-01-10 12:00:05,2020-01-10 12:00:05
210,Male,1,06:14,18:14,16:53,74%,28°C,fine,NIL,E 16 mph,10:30,2020-01-11 00:00:10,2020-01-11 00:00:10
211,Male,1,06:15,18:15,19:52,77%,28°C,fine,NIL,ENE 18 mph,10:24,2020-01-12 00:00:06,2020-01-12 00:00:06
212,Male,1,06:15,18:15,19:52,71%,29°C,partly cloudy,NIL,ENE 16 mph,10:24,2020-01-12 12:00:04,2020-01-12 12:00:04
213,Male,1,06:15,18:15,19:52,71%,29°C,fine,NIL,NE 13 mph,10:24,2020-01-13 00:00:06,2020-01-13 00:00:06
214,Male,1,06:15,18:15,20:50,60%,31°C,fine,NIL,NNE 10 mph,10:24,2020-01-13 12:00:05,2020-01-13 12:00:05
215,Male,1,06:15,18:15,20:50,68%,28°C,fine,NIL,NNE 08 mph,8:42,2020-01-14 00:00:08,2020-01-14 00:00:08
216,Male,1,06:16,18:16,21:45,60%,31°C,fine,NIL,NNE 13 mph,8:42,2020-01-14 12:00:09,2020-01-14 12:00:09
217,Male,1,06:16,18:16,21:45,70%,28°C,fine,NIL,E 10 mph,8:36,2020-01-15 00:00:06,2020-01-15 00:00:06
218,Male,1,06:16,18:16,22:39,64%,30°C,fine,NIL,ENE 11 mph,8:36,2020-01-15 12:00:09,2020-01-15 12:00:09
219,Male,1,06:16,18:16,22:39,69%,28°C,fine,NIL,E 14 mph,9:42,2020-01-16 00:00:05,2020-01-16 00:00:05
220,Male,1,06:16,18:16,22:39,64%,30°C,fine,Nil mm,ENE 12 mph,9:42,2020-01-16 12:00:05,2020-01-16 12:00:05
221,Male,1,06:16,18:16,22:39,75%,28°C,fine,Nil mm,E 16 mph,9:42,2020-01-17 00:00:04,2020-01-17 00:00:04
222,Male,1,06:16,18:17,00:00,65%,31°C,fine,NIL,E 15 mph,9:42,2020-01-17 12:00:10,2020-01-17 12:00:10
223,Male,1,06:17,18:17,00:22,75%,28°C,fine,NIL,E 16 mph,10:12,2020-01-18 00:00:11,2020-01-18 00:00:11
224,Male,1,06:17,18:17,00:22,70%,31°C,fine,NIL,E 16 mph,10:12,2020-01-18 12:00:04,2020-01-18 12:00:04
225,Male,1,06:17,18:17,00:22,78%,29°C,fine,NIL,E 15 mph,7:06,2020-01-19 00:00:07,2020-01-19 00:00:07
226,Male,1,06:17,18:17,01:14,81%,29°C,fine,NIL,ENE 13 mph,9:12,2020-01-20 00:00:05,2020-01-20 00:00:05
227,Male,1,06:17,18:18,02:07,75%,31°C,fine,NIL,E 16 mph,9:12,2020-01-20 12:00:10,2020-01-20 12:00:10
228,Male,1,06:17,18:18,02:07,79%,29°C,fine,NIL,E 17 mph,10:30,2020-01-21 00:00:10,2020-01-21 00:00:10
229,Male,1,06:17,18:18,03:01,83%,29°C,windy,NIL,ENE 23 mph,9:0,2020-01-22 00:00:05,2020-01-22 00:00:05
230,Male,1,06:18,18:18,03:55,80%,30°C,fine,0.3 mm,ENE 18 mph,9:0,2020-01-22 12:00:12,2020-01-22 12:00:12
231,Male,1,06:18,18:18,03:55,83%,29°C,windy,0.3 mm,E 21 mph,6:48,2020-01-23 00:00:06,2020-01-23 00:00:06
232,Male,1,06:18,18:18,03:55,80%,31°C,windy,4.9 mm,E 22 mph,6:48,2020-01-23 12:00:07,2020-01-23 12:00:07
233,Male,1,06:18,18:18,03:55,81%,29°C,fine,7.9 mm,E 20 mph,6:48,2020-01-24 00:00:12,2020-01-24 00:00:12
234,Male,1,06:18,18:19,05:44,80%,30°C,windy,TRACE,E 21 mph,6:48,2020-01-24 12:00:10,2020-01-24 12:00:10
235,Male,1,06:18,18:19,06:35,81%,28°C,fine,TRACE,ENE 13 mph,0:30,2020-01-25 12:00:10,2020-01-25 12:00:10
236,Male,1,06:18,18:19,06:35,75%,28°C,fine,TRACE,ENE 15 mph,9:0,2020-01-26 00:00:05,2020-01-26 00:00:05
237,Male,1,06:18,18:19,06:35,66%,30°C,fine,TRACE,ENE 12 mph,9:0,2020-01-26 12:00:03,2020-01-26 12:00:03
238,Male,1,06:18,18:19,06:35,75%,28°C,fine,TRACE,E 16 mph,9:42,2020-01-27 00:00:05,2020-01-27 00:00:05
239,Male,1,06:19,18:20,08:08,68%,30°C,fine,NIL,ENE 13 mph,9:42,2020-01-27 12:00:05,2020-01-27 12:00:05
240,Male,1,06:19,18:20,08:50,68%,30°C,fine,Nil mm,E 13 mph,9:42,2020-01-28 12:00:09,2020-01-28 12:00:09
241,Male,1,06:19,18:20,08:50,70%,28°C,fine,Nil mm,ENE 12 mph,10:36,2020-01-29 00:00:06,2020-01-29 00:00:06
242,Male,1,06:19,18:20,05:00,62%,31°C,partly cloudy,NIL,ENE 15 mph,10:36,2020-01-29 12:00:05,2020-01-29 12:00:05
243,Male,1,06:19,18:20,05:00,74%,28°C,fine,NIL,ENE 11 mph,9:42,2020-01-30 00:00:11,2020-01-30 00:00:11
244,Male,1,06:19,18:20,10:12,64%,31°C,fine,NIL,ENE 14 mph,9:42,2020-01-30 12:00:10,2020-01-30 12:00:10
245,Male,1,06:19,18:20,10:12,75%,28°C,fine,NIL,ENE 09 mph,10:42,2020-01-31 00:00:06,2020-01-31 00:00:06
246,Male,1,06:19,18:20,10:49,62%,31°C,fine,NIL,NE 15 mph,10:42,2020-01-31 12:00:04,2020-01-31 12:00:04
247,Male,1,06:19,18:20,10:49,78%,28°C,fine,NIL,E 08 mph,10:42,2020-02-01 00:00:04,2020-02-01 00:00:04
248,Male,1,06:20,18:20,11:29,61%,31°C,fine,NIL,ENE 15 mph,10:12,2020-02-01 12:00:06,2020-02-01 12:00:06
249,Male,1,06:20,18:20,11:29,77%,28°C,fine,NIL,E 10 mph,10:30,2020-02-02 00:00:05,2020-02-02 00:00:05
250,Male,1,06:20,18:20,12:11,72%,31°C,fine,NIL,E 13 mph,10:30,2020-02-02 12:00:03,2020-02-02 12:00:03
251,Male,1,06:20,18:20,12:11,76%,29°C,fine,NIL,ENE 15 mph,10:12,2020-02-03 00:00:06,2020-02-03 00:00:06
252,Male,1,06:20,18:20,12:11,65%,31°C,fine,NIL,E 15 mph,10:12,2020-02-03 12:00:04,2020-02-03 12:00:04
253,Male,1,06:20,18:20,12:11,76%,29°C,fine,NIL,E 14 mph,10:36,2020-02-04 00:00:06,2020-02-04 00:00:06
254,Male,1,06:20,18:20,12:11,78%,29°C,fine,NIL,ENE 14 mph,10:36,2020-02-05 00:00:05,2020-02-05 00:00:05
255,Male,1,06:20,18:21,14:36,68%,31°C,fine,NIL,E 17 mph,10:36,2020-02-05 12:00:05,2020-02-05 12:00:05
256,Male,1,06:20,18:21,14:36,79%,29°C,partly cloudy,NIL,E 13 mph,10:30,2020-02-06 00:00:05,2020-02-06 00:00:05
257,Male,1,06:20,18:21,14:36,71%,31°C,fine,NIL,E 13 mph,10:30,2020-02-06 12:00:05,2020-02-06 12:00:05
258,Male,1,06:20,18:21,14:36,79%,29°C,fine,NIL,E 12 mph,7:54,2020-02-07 00:00:05,2020-02-07 00:00:05
259,Male,1,06:20,18:21,16:33,68%,31°C,fine,NIL,E 15 mph,7:54,2020-02-07 12:00:05,2020-02-07 12:00:05
260,Male,1,06:20,18:21,16:33,80%,28°C,fine,NIL,E 07 mph,10:06,2020-02-08 00:00:05,2020-02-08 00:00:05
261,Male,1,06:20,18:21,17:33,82%,28°C,fine,NIL,E 06 mph,10:06,2020-02-08 12:00:06,2020-02-08 12:00:06
262,Male,1,06:20,18:21,18:34,70%,31°C,fine,NIL,E 10 mph,9:24,2020-02-09 12:00:11,2020-02-09 12:00:11
263,Male,1,06:20,18:21,18:34,72%,29°C,partly cloudy,NIL,E 15 mph,8:42,2020-02-10 00:00:11,2020-02-10 00:00:11
264,Male,1,06:20,18:21,19:33,65%,32°C,fine,TRACE,31.7 mph,8:42,2020-02-10 12:00:08,2020-02-10 12:00:08
265,Male,1,06:20,18:21,19:33,75%,29°C,windy,TRACE,E 19 mph,9:36,2020-02-11 00:00:10,2020-02-11 00:00:10
266,Male,1,06:19,18:21,20:29,64%,31°C,windy,Nil mm,E 22 mph,9:36,2020-02-11 12:00:10,2020-02-11 12:00:10
267,Male,1,06:19,18:21,20:29,74%,29°C,windy,Nil mm,E 18 mph,10:06,2020-02-12 00:00:07,2020-02-12 00:00:07
268,Male,1,06:19,18:21,20:29,84%,29°C,cloudy,Nil mm,E 12 mph,10:06,2020-02-12 17:00:04,2020-02-12 17:00:04
269,Male,1,06:19,18:21,20:29,79%,29°C,fine,Nil mm,ENE 16 mph,7:24,2020-02-13 05:00:04,2020-02-13 05:00:04
270,Male,1,06:19,18:22,22:17,75%,30°C,cloudy,Nil mm,ENE 17 mph,7:24,2020-02-13 17:00:04,2020-02-13 17:00:04
271,Male,1,06:19,18:22,22:17,82%,29°C,cloudy,Nil mm,ENE 16 mph,1:12,2020-02-14 05:00:04,2020-02-14 05:00:04
272,Male,1,06:19,18:22,23:10,77%,30°C,cloudy,NIL,ENE 12 mph,1:12,2020-02-14 17:00:05,2020-02-14 17:00:05
273,Male,1,06:19,18:22,23:10,82%,29°C,fine,NIL,E 12 mph,3:24,2020-02-15 05:00:11,2020-02-15 05:00:11
274,Male,1,06:19,18:22,00:00,73%,31°C,fine,NIL,ENE 10 mph,3:24,2020-02-15 17:00:11,2020-02-15 17:00:11
275,Male,1,06:19,18:22,00:00,80%,29°C,fine,NIL,E 09 mph,6:24,2020-02-16 05:00:13,2020-02-16 05:00:13
276,Male,1,06:19,18:22,00:03,73%,31°C,fine,Nil mm,E 09 mph,6:24,2020-02-16 17:00:11,2020-02-16 17:00:11
277,Male,1,06:19,18:22,00:03,80%,29°C,fine,Nil mm,E 15 mph,10:0,2020-02-17 05:00:11,2020-02-17 05:00:11
278,Male,1,06:19,18:22,00:57,65%,31°C,fine,0.7 mm,ENE 15 mph,10:0,2020-02-17 17:00:08,2020-02-17 17:00:08
279,Male,1,06:19,18:22,00:57,81%,29°C,fine,0.7 mm,ENE 15 mph,10:12,2020-02-18 05:00:05,2020-02-18 05:00:05
280,Male,1,06:19,18:22,01:51,66%,31°C,fine,NIL,ENE 17 mph,10:12,2020-02-18 17:00:04,2020-02-18 17:00:04
281,Male,1,06:19,18:22,01:51,73%,29°C,fine,NIL,ENE 16 mph,10:24,2020-02-19 05:00:10,2020-02-19 05:00:10
282,Male,1,06:18,18:22,02:46,64%,31°C,fine,NIL,ENE 18 mph,10:24,2020-02-19 17:00:05,2020-02-19 17:00:05
283,Male,1,06:18,18:22,02:46,73%,28°C,fine,NIL,ENE 16 mph,10:48,2020-02-20 05:00:04,2020-02-20 05:00:04
284,Male,1,06:18,18:22,03:39,71%,29°C,fine,NIL,ENE 18 mph,10:48,2020-02-20 17:00:06,2020-02-20 17:00:06
285,Male,1,06:18,18:22,03:39,79%,28°C,fine,NIL,ENE 16 mph,10:06,2020-02-21 05:00:06,2020-02-21 05:00:06
286,Male,1,06:18,18:22,05:00,88%,29°C,lightning,0.5 mm,ENE 14 mph,10:06,2020-02-22 05:00:13,2020-02-22 05:00:13
287,Male,1,06:18,18:22,05:00,83%,29°C,cloudy,13.0 mm,ENE 21 mph,10:06,2020-02-22 17:00:05,2020-02-22 17:00:05
288,Male,1,06:18,18:22,05:00,85%,28°C,cloudy,13.0 mm,ESE 08 mph,10:06,2020-02-23 05:00:06,2020-02-23 05:00:06
289,Male,1,06:18,18:22,06:04,84%,28°C,windy,Trace mm,E 17 mph,4:0,2020-02-24 05:00:04,2020-02-24 05:00:04
290,Male,1,06:17,18:22,06:47,79%,30°C,fine,1.0 mm,ENE 16 mph,4:0,2020-02-24 17:00:10,2020-02-24 17:00:10
291,Male,1,06:17,18:22,07:28,68%,32°C,fine,NIL,ENE 14 mph,10:18,2020-02-25 17:00:06,2020-02-25 17:00:06
292,Male,1,06:17,18:22,07:28,79%,29°C,fine,NIL,ENE 15 mph,10:06,2020-02-26 05:00:07,2020-02-26 05:00:07
293,Male,1,06:17,18:22,07:28,73%,31°C,partly cloudy,NIL,ENE 12 mph,10:06,2020-02-26 17:00:10,2020-02-26 17:00:10
294,Male,1,06:17,18:22,07:28,77%,29°C,fine,NIL,NE 09 mph,10:42,2020-02-27 05:00:09,2020-02-27 05:00:09
295,Male,1,06:17,18:22,08:47,68%,31°C,fine,NIL,ene 16 mph,10:42,2020-02-27 17:00:05,2020-02-27 17:00:05
296,Male,1,06:17,18:22,08:47,65%,32°C,partly cloudy,NIL,ENE 14 mph,10:06,2020-02-28 05:00:05,2020-02-28 05:00:05
297,Male,1,06:16,18:21,09:27,66%,31°C,fine,Nil mm,NE 16 mph,10:06,2020-02-28 17:00:04,2020-02-28 17:00:04
298,Male,1,06:16,18:21,09:27,66%,29°C,fine,Nil mm,E 13 mph,10:0,2020-02-29 05:00:05,2020-02-29 05:00:05
299,Male,1,06:16,18:21,09:27,69%,31°C,fine,NIL,E 12 mph,10:0,2020-02-29 17:00:06,2020-02-29 17:00:06
300,Male,1,06:16,18:21,09:27,79%,29°C,partly cloudy,NIL,E 13 mph,10:12,2020-03-01 05:00:06,2020-03-01 05:00:06
301,Male,1,06:16,18:21,10:50,64%,31°C,fine,NIL,ENE 14 mph,10:12,2020-03-01 17:00:05,2020-03-01 17:00:05
302,Male,1,06:16,18:21,10:50,73%,29°C,fine,NIL,e 10 mph,10:18,2020-03-02 05:00:06,2020-03-02 05:00:06
303,Male,1,06:16,18:21,10:50,70%,31°C,fine,NIL,E 08 mph,10:18,2020-03-02 17:00:07,2020-03-02 17:00:07
304,Male,1,06:16,18:21,10:50,80%,29°C,fine,NIL,E 12 mph,9:36,2020-03-03 05:00:11,2020-03-03 05:00:11
305,Male,1,06:15,18:21,12:25,7%,30°C,partly cloudy,NIL,N 06 mph,9:36,2020-03-03 17:00:06,2020-03-03 17:00:06
306,Male,1,06:15,18:21,12:25,79%,28°C,fine,NIL,NE 03 mph,9:36,2020-03-04 05:00:05,2020-03-04 05:00:05
307,Male,1,06:15,18:21,13:18,69%,31°C,fine,NIL,N 09 mph,9:36,2020-03-04 17:00:10,2020-03-04 17:00:10
308,Male,1,06:15,18:21,13:18,77%,29°C,fine,NIL,NW 07 mph,10:06,2020-03-05 05:00:07,2020-03-05 05:00:07
309,Male,1,06:14,18:21,14:14,70%,31°C,fine,Nil mm,wnw 07 mph,10:06,2020-03-05 17:00:10,2020-03-05 17:00:10
310,Male,1,06:14,18:21,14:14,80%,28°C,fine,Nil mm,NNW 03 mph,10:06,2020-03-06 05:00:05,2020-03-06 05:00:05
311,Male,1,06:14,18:21,15:13,67%,31°C,fine,NIL,E 03 mph,10:06,2020-03-06 17:00:06,2020-03-06 17:00:06
312,Male,1,06:14,18:21,15:13,79%,29°C,fine,NIL,SSW 04 mph,7:24,2020-03-07 05:00:05,2020-03-07 05:00:05
313,Male,1,06:14,18:21,15:13,65%,32°C,fine,NIL,SW 03 mph,7:24,2020-03-07 17:00:05,2020-03-07 17:00:05
314,Male,1,06:14,18:21,15:13,72%,29°C,fine,NIL,ESE 06 mph,10:24,2020-03-08 05:00:05,2020-03-08 05:00:05
315,Male,1,06:13,18:21,17:13,65%,31°C,fine,NIL,E 08 mph,10:24,2020-03-08 17:00:06,2020-03-08 17:00:06
316,Male,1,06:13,18:21,17:13,76%,29°C,fine,NIL,ENE 08 mph,11:0,2020-03-09 05:00:09,2020-03-09 05:00:09
317,Male,1,06:13,18:20,18:11,64%,32°C,fine,NIL,E 08 mph,11:0,2020-03-09 17:00:05,2020-03-09 17:00:05
318,Male,1,06:13,18:20,18:11,80%,29°C,fine,NIL,ENE 03 mph,10:42,2020-03-10 05:00:29,2020-03-10 05:00:29
319,Male,1,06:13,18:20,19:08,69%,31°C,fine,Nil mm,ENE 14 mph,10:42,2020-03-10 17:00:06,2020-03-10 17:00:06
320,Male,1,06:13,18:20,19:08,76%,29°C,fine,Nil mm,E 09 mph,10:06,2020-03-11 05:00:04,2020-03-11 05:00:04
321,Male,1,06:12,18:18,20:04,66%,32°C,fine,NIL,E 09 mph,10:06,2020-03-11 17:00:05,2020-03-11 17:00:05
322,Male,1,06:12,18:18,20:04,75%,29°C,fine,NIL,ENE 07 mph,10:48,2020-03-12 05:00:04,2020-03-12 05:00:04
323,Male,1,06:12,18:20,20:59,70%,32°C,fine,NIL,ENE 08 mph,10:48,2020-03-12 17:00:04,2020-03-12 17:00:04
324,Male,1,06:12,18:20,20:59,77%,29°C,fine,NIL,ENE 09 mph,10:36,2020-03-13 05:00:10,2020-03-13 05:00:10
325,Male,1,06:11,18:20,21:54,67%,31°C,cloudy,NIL,NNE 12 mph,10:36,2020-03-13 17:00:09,2020-03-13 17:00:09
326,Male,1,06:11,18:20,22:50,76%,28°C,cloudy,NIL,E 08 mph,2:12,2020-03-14 05:00:06,2020-03-14 05:00:06
327,Male,1,06:11,18:20,22:50,76%,31°C,partly cloudy,6.9 mm,E 05 mph,2:12,2020-03-14 17:00:04,2020-03-14 17:00:04
328,Male,1,06:11,18:20,22:50,79%,29°C,fine,6.9 mm,E 06 mph,8:54,2020-03-15 05:00:04,2020-03-15 05:00:04
329,Male,1,06:11,18:19,23:46,67%,32°C,fine,0.1 mm,E 10 mph,8:54,2020-03-15 17:00:04,2020-03-15 17:00:04
330,Male,1,06:11,18:19,23:46,75%,29°C,fine,0.1 mm,E 08 mph,9:54,2020-03-16 05:00:05,2020-03-16 05:00:05
331,Male,1,06:10,18:19,00:00,68%,32°C,fine,NIL,ENE 10 mph,9:54,2020-03-16 17:00:05,2020-03-16 17:00:05
332,Male,1,06:10,18:19,00:00,81%,29°C,fine,NIL,ENE 07 mph,10:30,2020-03-17 05:00:04,2020-03-17 05:00:04
333,Male,1,06:10,18:19,05:00,70%,32°C,fine,Nil mm,ENE 15 mph,10:30,2020-03-17 17:00:09,2020-03-17 17:00:09
334,Male,1,06:10,18:19,05:00,87%,29°C,partly cloudy,Nil mm,E 20 mph,10:42,2020-03-18 05:00:04,2020-03-18 05:00:04
335,Male,1,06:10,18:19,01:36,79%,30°C,fine,0.4 mm,E 16 mph,10:42,2020-03-18 17:00:09,2020-03-18 17:00:09
336,Male,1,06:10,18:19,01:36,79%,29°C,fine,0.4 mm,E 13 mph,9:24,2020-03-19 05:00:04,2020-03-19 05:00:04
337,Male,1,06:09,18:18,02:27,71%,32°C,fine,NIL,ESE 10 mph,9:24,2020-03-19 17:00:04,2020-03-19 17:00:04
338,Male,1,06:09,18:18,03:17,84%,29°C,fine,NIL,E 07 mph,10:54,2020-03-20 05:00:05,2020-03-20 05:00:05
339,Male,1,06:09,18:18,03:17,89%,27°C,cloudy,NIL,SSW 03 mph,10:54,2020-03-20 17:00:05,2020-03-20 17:00:05
340,Male,1,06:08,18:18,04:03,69%,32°C,fine,15.1 mm,E 05 mph,1:42,2020-03-21 17:00:08,2020-03-21 17:00:08
341,Male,1,06:08,18:18,04:03,79%,29°C,fine,15.1 mm,E 07 mph,10:0,2020-03-22 05:00:04,2020-03-22 05:00:04
342,Male,1,06:18,18:18,04:46,69%,31°C,fine,NIL,E 06 mph,10:0,2020-03-22 17:00:04,2020-03-22 17:00:04
343,Male,1,06:18,18:18,04:46,75%,29°C,fine,NIL,NNE 05 mph,9:24,2020-03-23 05:00:04,2020-03-23 05:00:04
344,Male,1,06:07,18:18,05:28,67%,32°C,fine,NIL,E 09 mph,9:24,2020-03-23 17:00:08,2020-03-23 17:00:08
345,Male,1,06:07,18:18,05:28,76%,29°C,fine,NIL,N 06 mph,9:24,2020-03-24 05:00:05,2020-03-24 05:00:05
346,Male,1,06:07,18:18,06:07,69%,32°C,partly cloudy,NIL,E 03 mph,10:18,2020-03-24 17:00:06,2020-03-24 17:00:06
347,Male,1,06:07,18:18,06:46,67%,32°C,fine,4.3 mm,SE 05 mph,8:48,2020-03-25 17:00:04,2020-03-25 17:00:04
348,Male,1,06:07,18:18,06:46,78%,29°C,fine,4.3 mm,CALM,9:42,2020-03-26 05:00:03,2020-03-26 05:00:03
349,Male,1,06:06,18:17,07:26,65%,65°C,fine,Nil mm,ENE 08 mph,9:42,2020-03-26 17:00:10,2020-03-26 17:00:10
350,Male,1,06:06,18:17,07:26,73%,30°C,fine,Nil mm,E 08 mph,10:0,2020-03-27 05:00:03,2020-03-27 05:00:03
351,Male,1,06:06,18:17,05:00,69%,32°C,fine,NIL,E 10 mph,10:0,2020-03-27 17:00:05,2020-03-27 17:00:05
352,Male,1,06:06,18:17,05:00,77%,29°C,fine,NIL,E 10 mph,9:42,2020-03-28 05:00:07,2020-03-28 05:00:07
353,Male,1,06:05,18:17,08:48,65%,32°C,fine,NIL,E 10 mph,9:42,2020-03-28 17:00:04,2020-03-28 17:00:04
354,Male,1,06:05,18:17,05:00,70%,32°C,fine,NIL,E 06 mph,9:54,2020-03-29 17:00:04,2020-03-29 17:00:04
355,Male,1,06:05,18:17,05:00,75%,29°C,fine,NIL,E 03 mph,11:04,2020-03-30 05:00:03,2020-03-30 05:00:03
356,Male,1,06:05,18:17,05:00,78%,28°C,fine,NIL,NNE 04 mph,11:04,2020-03-30 17:00:08,2020-03-30 17:00:08
357,Male,1,06:05,18:17,05:00,70%,29°C,fine,NIL,NE 08 mph,10:42,2020-03-31 05:00:10,2020-03-31 05:00:10
358,Male,1,06:04,18:16,11:10,64%,32°C,fine,Nil mm,E 08 mph,10:42,2020-03-31 17:00:05,2020-03-31 17:00:05
359,Male,1,06:04,18:16,11:10,73%,30°C,fine,Nil mm,NNE 06 mph,10:18,2020-04-01 05:00:05,2020-04-01 05:00:05
360,Male,1,06:03,18:16,12:03,78%,30°C,cloudy,2.2 mm,Variable 02 mph,10:18,2020-04-01 17:00:08,2020-04-01 17:00:08
361,Male,1,06:03,18:16,12:03,67%,32°C,fine,NIL,NE 10 mph,4:0,2020-04-02 17:00:04,2020-04-02 17:00:04
362,Male,1,06:03,18:16,12:03,75%,29°C,fine,NIL,E 09 mph,10:42,2020-04-03 05:00:07,2020-04-03 05:00:07
363,Male,1,06:03,18:16,13:57,59%,32°C,fine,NIL,ENE 12 mph,10:42,2020-04-03 17:00:04,2020-04-03 17:00:04
364,Male,1,06:02,18:16,14:55,71%,30°C,fine,NIL,E 09 mph,11:18,2020-04-05 05:00:07,2020-04-05 05:00:07
365,Male,1,06:02,18:16,15:53,69%,32°C,partly cloudy,NIL,E 06 mph,11:18,2020-04-05 17:00:04,2020-04-05 17:00:04
366,Male,1,06:02,18:16,15:53,76%,30°C,fine,NIL,E 07 mph,11:04,2020-04-06 05:00:06,2020-04-06 05:00:06
367,Male,1,06:02,18:15,16:49,68%,32°C,fine,NIL,ESE 07 mph,11:04,2020-04-06 17:00:05,2020-04-06 17:00:05
368,Male,1,06:02,18:15,16:49,79%,29°C,fine,NIL,ESE 03 mph,10:42,2020-04-07 05:00:05,2020-04-07 05:00:05
369,Male,1,06:01,18:15,17:45,70%,32°C,fine,NIL,WNW 05 mph,10:42,2020-04-07 17:00:06,2020-04-07 17:00:06
370,Male,1,06:01,18:15,17:45,79%,30°C,fine,NIL,W 07 mph,11:12,2020-04-08 05:00:09,2020-04-08 05:00:09
371,Male,1,06:01,18:15,18:41,69%,32°C,fine,NIL,W 06 mph,11:12,2020-04-08 17:00:04,2020-04-08 17:00:04
372,Male,1,06:01,18:15,18:41,76%,30°C,fine,NIL,NW 06 mph,11:30,2020-04-09 05:00:05,2020-04-09 05:00:05
373,Male,1,06:00,18:15,19:38,73%,31°C,fine,Nil mm,WNW 05 mph,11:30,2020-04-09 17:00:05,2020-04-09 17:00:05
374,Male,1,06:00,18:15,19:38,78%,29°C,fine,Nil mm,CALM,11:30,2020-04-10 05:00:07,2020-04-10 05:00:07
375,Male,1,06:00,18:15,19:38,69%,32°C,fine,NIL,NW 05 mph,11:30,2020-04-10 17:00:05,2020-04-10 17:00:05
376,Male,1,06:00,18:15,19:38,77%,30°C,fine,NIL,CALM,10:54,2020-04-11 05:00:05,2020-04-11 05:00:05
377,Male,1,06:00,18:15,21:34,68%,33°C,fine,TRACE,S 04 mph,10:54,2020-04-11 17:00:05,2020-04-11 17:00:05
378,Male,1,05:59,18:14,22:32,78%,30°C,fine,TRACE,SW 06 mph,9:18,2020-04-12 05:00:04,2020-04-12 05:00:04
379,Male,1,05:59,18:14,22:32,75%,30°C,fine,18.7 mm,W 05 mph,9:18,2020-04-12 17:00:04,2020-04-12 17:00:04
380,Male,1,05:59,18:14,22:32,79%,29°C,fine,18.7 mm,E 05 mph,9:0,2020-04-13 05:00:05,2020-04-13 05:00:05
381,Male,1,05:59,18:14,23:28,65%,33°C,fine,Trace mm,E 07 mph,9:0,2020-04-13 17:00:05,2020-04-13 17:00:05
382,Male,1,05:59,18:14,23:28,75%,30°C,fine,Trace mm,ENE 05 mph,11:24,2020-04-14 05:00:04,2020-04-14 05:00:04
383,Male,1,05:59,18:14,23:28,70%,32°C,fine,Trace mm,E 09 mph,11:24,2020-04-14 17:00:04,2020-04-14 17:00:04
384,Male,1,05:59,18:14,23:28,78%,30°C,partly cloudy,Trace mm,ESE 05 mph,10:24,2020-04-15 05:00:07,2020-04-15 05:00:07
385,Male,1,05:58,18:14,00:23,69%,32°C,fine,Nil mm,E 06 mph,10:24,2020-04-15 17:00:04,2020-04-15 17:00:04
386,Male,1,05:58,18:14,00:23,80%,29°C,fine,Nil mm,E 03 mph,5:32,2020-04-16 05:00:05,2020-04-16 05:00:05
387,Male,1,05:58,18:14,01:14,70%,32°C,fine,Trace mm,E 07 mph,5:32,2020-04-16 17:00:06,2020-04-16 17:00:06
388,Male,1,05:58,18:14,01:14,75%,30°C,fine,Trace mm,ENE 06 mph,10:48,2020-04-17 05:00:07,2020-04-17 05:00:07
389,Male,1,05:58,18:14,02:01,68%,33°C,fine,Trace mm,E 13 mph,10:48,2020-04-17 17:00:05,2020-04-17 17:00:05
390,Male,1,05:58,18:14,02:01,79%,30°C,fine,Trace mm,ESE 08 mph,10:12,2020-04-18 05:00:03,2020-04-18 05:00:03
391,Male,1,05:57,18:14,02:45,87%,28°C,partly cloudy,16.5 mm,E 10 mph,10:12,2020-04-18 17:00:04,2020-04-18 17:00:04
392,Male,1,05:57,18:14,02:45,78%,30°C,fine,16.5 mm,SE 08 mph,10:30,2020-04-19 05:00:05,2020-04-19 05:00:05
393,Male,1,05:57,18:14,05:00,79%,31°C,partly cloudy,1.2 mm,SE 06 mph,10:30,2020-04-19 17:06:36,2020-04-19 17:06:36
394,Male,1,05:57,18:14,05:00,78%,30°C,partly cloudy,1.2 mm,ESE 07 mph,9:06,2020-04-20 05:00:04,2020-04-20 05:00:04
395,Male,1,05:57,18:13,04:07,74%,32°C,fine,3.1 mm,ESE 06 mph,9:06,2020-04-20 17:00:05,2020-04-20 17:00:05
396,Male,1,05:57,18:13,04:07,82%,30°C,fine,3.1 mm,ESE 06 mph,9:18,2020-04-21 05:00:05,2020-04-21 05:00:05
397,Male,1,05:56,18:13,04:46,84%,30°C,fine,3.6 mm,ESE 05 mph,9:18,2020-04-21 17:00:05,2020-04-21 17:00:05
398,Male,1,05:56,18:13,05:25,90%,28°C,lightning,3.6 mm,SE 03 mph,4:48,2020-04-22 05:00:05,2020-04-22 05:00:05
399,Male,1,05:56,18:13,05:25,82%,30°C,cloudy,27.4 mm,WNW 03 mph,4:48,2020-04-22 17:00:03,2020-04-22 17:00:03
400,Male,1,05:56,18:13,05:25,95%,25°C,lightning,27.4 mm,SSW 06 mph,0:54,2020-04-23 05:00:04,2020-04-23 05:00:04
401,Male,1,05:56,18:13,06:05,76%,31°C,partly cloudy,38.8 mm,W 10 mph,0:54,2020-04-23 17:00:03,2020-04-23 17:00:03
402,Male,1,05:56,18:13,06:05,81%,29°C,cloudy,38.8 mm,WSW 10 mph,4:36,2020-04-24 05:00:04,2020-04-24 05:00:04
403,Male,1,05:55,18:13,06:46,93%,25°C,thundershower,4.9 mm,SE 18 mph,4:36,2020-04-24 17:00:04,2020-04-24 17:00:04
404,Male,1,05:55,18:13,06:46,85%,28°C,cloudy,4.9 mm,ENE 03 mph,0:0,2020-04-25 05:00:05,2020-04-25 05:00:05
405,Male,1,05:55,18:13,07:30,74%,31°C,fine,4.9 mm,NW 06 mph,0:0,2020-04-25 17:00:03,2020-04-25 17:00:03
406,Male,1,05:55,18:13,07:30,86%,27°C,thundershower,4.9 mm,W 13 mph,9:36,2020-04-26 05:00:04,2020-04-26 05:00:04
407,Male,1,05:55,18:13,08:17,73%,32°C,fine,6.6 mm,WSW 10 mph,9:36,2020-04-26 17:00:03,2020-04-26 17:00:03
408,Male,1,05:55,18:13,08:17,79%,30°C,fine,6.6 mm,W 10 mph,11:18,2020-04-27 05:00:04,2020-04-27 05:00:04
409,Male,1,05:54,18:13,09:06,71%,32°C,fine,NIL,W 09 mph,11:18,2020-04-27 17:00:03,2020-04-27 17:00:03
410,Male,1,05:54,18:13,09:06,93%,28°C,lightning,NIL,N 07 mph,8:54,2020-04-28 05:00:04,2020-04-28 05:00:04
411,Male,1,05:54,18:13,09:59,76%,32°C,fine,7.6 mm,WSW 06 mph,8:54,2020-04-28 17:00:03,2020-04-28 17:00:03
412,Male,1,05:54,18:13,09:59,79%,30°C,fine,7.6 mm,SW 14 mph,8:48,2020-04-29 05:00:04,2020-04-29 05:00:04
413,Male,1,05:54,18:13,10:53,77%,31°C,fine,7.6 mm,W 14 mph,8:48,2020-04-29 17:00:04,2020-04-29 17:00:04
414,Male,1,05:54,18:13,10:53,82%,30°C,fine,7.6 mm,NW 07 mph,6:18,2020-04-30 05:00:04,2020-04-30 05:00:04
415,Male,1,05:54,18:13,10:53,76%,32°C,fine,TRACE,WNW 8 mph,6:18,2020-04-30 17:00:03,2020-04-30 17:00:03
416,Male,1,05:54,18:13,10:53,77%,31°C,fine,TRACE,WSW 08 mph,10:42,2020-05-01 05:00:04,2020-05-01 05:00:04
417,Male,1,05:54,18:13,12:45,75%,32°C,fine,0.7 mm,W 12 mph,10:42,2020-05-01 17:00:02,2020-05-01 17:00:02
418,Male,1,05:54,18:13,12:45,82%,30°C,fine,0.7 mm,W 13 mph,9:36,2020-05-02 05:00:05,2020-05-02 05:00:05
419,Male,1,05:53,18:13,13:41,74%,32°C,fine,4.6 mm,WNW 10 mph,9:36,2020-05-02 17:00:07,2020-05-02 17:00:07
420,Male,1,05:53,18:13,13:41,77%,31°C,partly cloudy,4.6 mm,NW 10 mph,10:54,2020-05-03 05:00:04,2020-05-03 05:00:04
421,Male,1,05:53,18:13,14:35,70%,32°C,fine,NIL,NW 07 mph,10:54,2020-05-03 17:00:03,2020-05-03 17:00:03
422,Male,1,05:53,18:13,14:35,80%,30°C,partly cloudy,NIL,W 09 mph,7:30,2020-05-04 05:00:03,2020-05-04 05:00:03
423,Male,1,05:53,18:13,15:30,76%,32°C,partly cloudy,6.2 mm,WNW 12 mph,7:30,2020-05-04 17:00:04,2020-05-04 17:00:04
424,Male,1,05:53,18:13,15:30,72%,31°C,partly cloudy,6.2 mm,NW 08 mph,2:36,2020-05-05 05:00:03,2020-05-05 05:00:03
425,Male,1,05:53,18:13,16:24,73%,32°C,fine,NIL,NW 09 mph,2:36,2020-05-05 17:00:04,2020-05-05 17:00:04
426,Male,1,05:53,18:13,16:24,74%,31°C,lightning,NIL,W 15 mph,9:18,2020-05-06 05:00:02,2020-05-06 05:00:02
427,Male,1,05:53,18:13,17:20,81%,29°C,cloudy,1.6 mm,WSW 09 mph,5:30,2020-05-07 05:00:03,2020-05-07 05:00:03
428,Male,1,05:52,18:13,18:17,74%,32°C,fine,6.1 mm,WSW 12 mph,5:30,2020-05-07 17:00:04,2020-05-07 17:00:04
429,Male,1,05:52,18:13,18:17,84%,30°C,slight shower,6.1 mm,WSW 14 mph,10:06,2020-05-08 05:00:04,2020-05-08 05:00:04
430,Male,1,05:52,18:13,18:17,79%,31°C,fine,0.3 mm,WSW 13 mph,10:06,2020-05-08 17:00:03,2020-05-08 17:00:03
431,Male,1,05:52,18:13,18:17,82%,30°C,fine,0.3 mm,W 13 mph,8:30,2020-05-09 05:00:03,2020-05-09 05:00:03
432,Male,1,05:00,18:13,20:15,78%,31°C,slight shower,TRACE,WNW 07 mph,8:30,2020-05-09 17:00:04,2020-05-09 17:00:04
433,Male,1,05:00,18:13,20:15,82%,31°C,fine,TRACE,W 12 mph,8:54,2020-05-10 05:00:04,2020-05-10 05:00:04
434,Male,1,05:52,18:13,21:14,77%,32°C,fine,0.4 mm,WNW 12 mph,8:54,2020-05-10 17:00:04,2020-05-10 17:00:04
435,Male,1,05:52,18:13,21:14,86%,29°C,cloudy,0.4 mm,W 10 mph,4:06,2020-05-11 05:00:03,2020-05-11 05:00:03
436,Male,1,05:52,18:13,22:12,83%,30°C,cloudy,12.6 mm,WNW 12 mph,4:06,2020-05-11 17:00:03,2020-05-11 17:00:03
437,Male,1,05:52,18:13,22:12,77%,29°C,cloudy,12.6 mm,nw 06 mph,0:0,2020-05-12 05:00:04,2020-05-12 05:00:04
438,Male,1,05:52,18:13,23:06,74%,31°C,fine,0.8 mm,NW 06 mph,0:0,2020-05-12 17:00:02,2020-05-12 17:00:02
439,Male,1,05:52,18:13,23:06,78%,30°C,fine,0.8 mm,WNW 09 mph,10:48,2020-05-13 05:00:03,2020-05-13 05:00:03
440,Male,1,05:52,18:13,23:56,89%,30°C,fine,4.6 mm,W 06 mph,10:48,2020-05-13 17:00:04,2020-05-13 17:00:04
441,Male,1,05:52,18:13,23:56,77%,30°C,fine,4.6 mm,NW 03 mph,9:30,2020-05-14 05:00:04,2020-05-14 05:00:04
442,Male,1,05:52,18:13,00:00,77%,31°C,fine,TRACE,WSW 15 mph,9:30,2020-05-14 17:00:03,2020-05-14 17:00:03
443,Male,1,05:52,18:13,00:00,84%,30°C,fine,TRACE,W 17 mph,8:24,2020-05-15 05:00:03,2020-05-15 05:00:03
444,Male,1,05:51,18:13,05:00,82%,29°C,cloudy,36.2 mm,WSW 24 mph,8:24,2020-05-15 17:00:02,2020-05-15 17:00:02
445,Male,1,05:51,18:13,05:00,81%,29°C,windy,36.2 mm,WNW 22 mph,0:0,2020-05-16 05:00:05,2020-05-16 05:00:05
446,Male,1,05:51,18:14,05:00,76%,31°C,fine,TRACE,WNW 14 mph,0:0,2020-05-16 17:00:04,2020-05-16 17:00:04
447,Male,1,05:51,18:14,05:00,80%,30°C,fine,TRACE,WNW 14 mph,10:0,2020-05-17 05:00:05,2020-05-17 05:00:05
448,Male,1,05:51,18:14,05:00,77%,31°C,fine,NIL,WNW 20 mph,10:0,2020-05-17 17:00:05,2020-05-17 17:00:05
449,Male,1,05:51,18:14,05:00,82%,30°C,partly cloudy,NIL,W 22 mph,7:12,2020-05-18 05:00:04,2020-05-18 05:00:04
450,Male,1,05:51,18:14,02:46,83%,30°C,cloudy,12.9 mm,WNW 26 mph,7:12,2020-05-18 17:00:03,2020-05-18 17:00:03
451,Male,1,05:51,18:14,02:46,99%,25°C,thundershower,12.9 mm,WSW 22 mph,3:06,2020-05-19 05:00:03,2020-05-19 05:00:03
452,Male,1,05:51,18:14,03:24,83%,31°C,partly cloudy,67.6 mm,WNW 14 mph,3:06,2020-05-19 17:00:04,2020-05-19 17:00:04
453,Male,1,05:51,18:14,03:24,82%,30°C,fine,67.6 mm,W 17 mph,9:36,2020-05-20 05:00:03,2020-05-20 05:00:03
454,Male,1,05:51,18:14,04:04,80%,31°C,fine,NIL,WSW 15 mph,9:36,2020-05-20 17:00:05,2020-05-20 17:00:05
455,Male,1,05:51,18:14,04:04,87%,28°C,partly cloudy,NIL,SW 10 mph,9:06,2020-05-21 05:00:11,2020-05-21 05:00:11
456,Male,1,05:51,18:14,04:45,85%,29°C,cloudy,25.7 mm,wsw 14 mph,9:06,2020-05-21 17:00:07,2020-05-21 17:00:07
457,Male,1,05:51,18:14,04:45,79%,30°C,cloudy,25.7 mm,W 28 mph,0:0,2020-05-22 05:00:07,2020-05-22 05:00:07
458,Male,1,05:51,18:14,05:27,82%,30°C,cloudy,25.7 mm,W 22 mph,0:0,2020-05-22 17:00:05,2020-05-22 17:00:05
459,Male,1,05:51,18:14,05:27,80%,30°C,fine,25.7 mm,W 15 mph,8:16,2020-05-23 05:00:02,2020-05-23 05:00:02
460,Male,1,05:51,18:15,06:13,76%,31°C,fine,TRACE,WNW 15 mph,8:16,2020-05-23 17:00:07,2020-05-23 17:00:07
461,Male,1,05:51,18:15,06:13,78%,30°C,fine,TRACE,WNW 17 mph,11:06,2020-05-24 05:00:05,2020-05-24 05:00:05
462,Male,1,05:51,18:15,07:02,78%,30°C,fine,1.1 mm,W 21 mph,11:06,2020-05-24 17:00:04,2020-05-24 17:00:04
463,Male,1,05:51,18:15,07:02,81%,30°C,fine,1.1 mm,W 18 mph,8:18,2020-05-25 05:00:02,2020-05-25 05:00:02
464,Male,1,05:51,18:15,07:55,80%,31°C,fine,NIL,W 16 mph,8:18,2020-05-25 17:00:05,2020-05-25 17:00:05
465,Male,1,05:51,18:15,07:55,83%,30°C,partly cloudy,NIL,W 14 mph,5:18,2020-05-26 05:00:03,2020-05-26 05:00:03
466,Male,1,05:51,18:15,08:49,80%,31°C,cloudy,TRACE,W 15 mph,5:18,2020-05-26 17:00:04,2020-05-26 17:00:04
467,Male,1,05:51,18:15,08:49,85%,30°C,fine,TRACE,wsw 14 mph,10:54,2020-05-27 05:00:04,2020-05-27 05:00:04
468,Male,1,05:51,18:15,09:45,79%,30°C,partly cloudy,3.7 mm,W 05 mph,10:54,2020-05-27 17:00:04,2020-05-27 17:00:04
469,Male,1,05:51,18:15,09:45,83%,29°C,lightning,3.7 mm,SW 15 mph,0:54,2020-05-28 05:00:05,2020-05-28 05:00:05
470,Male,1,05:51,18:15,10:41,91%,26°C,slight rain,18.1 mm,WNW 16 mph,0:54,2020-05-28 17:00:03,2020-05-28 17:00:03
471,Male,1,05:51,18:15,10:41,83%,29°C,fine,18.1 mm,W 10 mph,1:42,2020-05-29 05:00:05,2020-05-29 05:00:05
472,Male,1,05:51,18:16,11:35,90%,27°C,cloudy,3.5 mm,W 17 mph,1:42,2020-05-29 17:00:03,2020-05-29 17:00:03
473,Male,1,05:51,18:16,11:35,85%,28°C,cloudy,3.5 mm,W 15 mph,0:0,2020-05-30 05:00:05,2020-05-30 05:00:05
474,Male,1,05:51,18:16,12:29,71%,31°C,fine,30.0 mm,WSW 14 mph,0:0,2020-05-30 17:00:04,2020-05-30 17:00:04
475,Male,1,05:51,18:16,12:29,83%,29°C,fine,30.0 mm,wsw 13 mph,10:36,2020-05-31 05:00:05,2020-05-31 05:00:05
476,Male,1,05:52,18:16,13:22,86%,29°C,fine,30.0 mm,SW 12 mph,10:36,2020-05-31 17:00:03,2020-05-31 17:00:03
477,Male,1,05:52,18:16,13:22,83%,29°C,fine,30.0 mm,SSW 17 mph,11:54,2020-06-01 05:00:04,2020-06-01 05:00:04
478,Male,1,05:52,18:16,13:22,81%,30°C,fine,30.0 mm,SW 09 mph,11:54,2020-06-01 17:00:02,2020-06-01 17:00:02
479,Male,1,05:52,18:16,13:22,82%,28°C,cloudy,30.0 mm,W 16 mph,7:0,2020-06-02 05:00:03,2020-06-02 05:00:03
480,Male,1,05:52,18:16,15:07,82%,30°C,partly cloudy,30.0 mm,SSW 10 mph,7:0,2020-06-02 17:00:03,2020-06-02 17:00:03
481,Male,1,05:52,18:16,15:07,78%,29°C,fine,30.0 mm,SW 10 mph,8:48,2020-06-03 05:00:03,2020-06-03 05:00:03
482,Male,1,05:52,18:17,16:02,68%,32°C,fine,1.2 mm,SSW 10 mph,8:48,2020-06-03 17:00:05,2020-06-03 17:00:05
483,Male,1,05:52,18:17,16:02,78%,30°C,fine,1.2 mm,SSW 09 mph,11:12,2020-06-04 05:00:05,2020-06-04 05:00:05
484,Male,1,05:52,18:17,16:58,76%,30°C,fine,TRACE,SSW 09 mph,11:12,2020-06-04 17:00:03,2020-06-04 17:00:03
485,Male,1,05:52,18:17,16:58,79%,30°C,fine,TRACE,SW 10 mph,10:54,2020-06-05 05:00:05,2020-06-05 05:00:05
486,Male,1,05:52,18:17,17:57,73%,30°C,fine,TRACE,SSW 13 mph,10:54,2020-06-05 17:00:05,2020-06-05 17:00:05
487,Male,1,05:52,18:17,17:57,84%,29°C,fine,TRACE,SW 08 mph,10:54,2020-06-06 05:00:03,2020-06-06 05:00:03
488,Male,1,05:52,18:17,18:57,82%,30°C,fine,6.9 mm,SW 12 mph,10:54,2020-06-06 17:00:05,2020-06-06 17:00:05
489,Male,1,05:52,18:17,18:57,81%,29°C,cloudy,6.9 mm,W 15 mph,3:18,2020-06-07 05:00:06,2020-06-07 05:00:06
490,Male,1,05:53,18:17,19:56,86%,29°C,partly cloudy,8.5 mm,SW 15 mph,3:18,2020-06-07 17:00:03,2020-06-07 17:00:03
491,Male,1,05:53,18:17,19:56,87%,29°C,cloudy,8.5 mm,WSW 09 mph,2:12,2020-06-08 05:00:04,2020-06-08 05:00:04
492,Male,1,05:53,18:18,20:53,86%,30°C,fine,2.6 mm,WNW 06 mph,2:12,2020-06-08 17:00:04,2020-06-08 17:00:04
493,Male,1,05:53,18:18,20:53,86%,29°C,cloudy,2.6 mm,WNW 10 mph,5:06,2020-06-09 05:00:04,2020-06-09 05:00:04
494,Male,1,05:53,18:18,21:46,77%,30°C,fine,0.6 mm,WNW 13 mph,5:06,2020-06-09 17:00:03,2020-06-09 17:00:03
495,Male,1,05:53,18:18,21:46,79%,30°C,fine,0.6 mm,wnw 12 mph,11:06,2020-06-10 05:00:05,2020-06-10 05:00:05
496,Male,1,05:53,18:18,22:35,77%,30°C,fine,Trace mm,W 12 mph,11:06,2020-06-10 17:00:03,2020-06-10 17:00:03
497,Male,1,05:53,18:18,22:35,82%,29°C,fine,Trace mm,W 12 mph,11:12,2020-06-11 05:00:04,2020-06-11 05:00:04
498,Male,1,05:53,18:18,23:21,76%,30°C,fine,Trace mm,wsw 10 mph,11:12,2020-06-11 17:00:04,2020-06-11 17:00:04
499,Male,1,05:53,18:18,23:21,78%,29°C,fine,Trace mm,WSW 13 mph,9:54,2020-06-12 05:00:05,2020-06-12 05:00:05
500,Male,1,05:53,18:18,23:21,79%,29°C,cloudy,6.2 mm,SW 10 mph,9:54,2020-06-12 17:00:05,2020-06-12 17:00:05
501,Male,1,05:53,18:18,23:21,81%,28°C,fine,6.2 mm,WNW 15 mph,5:30,2020-06-13 05:00:07,2020-06-13 05:00:07
502,Male,1,05:54,18:19,05:00,76%,30°C,fine,0.9 mm,W 09 mph,5:30,2020-06-13 17:00:06,2020-06-13 17:00:06
503,Male,1,05:54,18:19,05:00,74%,28°C,windy,0.9 mm,WNW 25 mph,9:12,2020-06-14 05:00:05,2020-06-14 05:00:05
504,Male,1,05:54,18:19,05:00,75%,30°C,fine,1.1 mm,WSW 06 mph,9:12,2020-06-14 17:00:03,2020-06-14 17:00:03
505,Male,1,05:54,18:19,05:00,81%,30°C,partly cloudy,1.1 mm,W 09 mph,10:48,2020-06-15 05:00:05,2020-06-15 05:00:05
506,Male,1,05:54,18:19,01:22,71%,31°C,fine,NIL,WNW 14 mph,10:48,2020-06-15 17:00:05,2020-06-15 17:00:05
507,Male,1,05:54,18:19,01:22,81%,29°C,fine,NIL,W 13 mph,7:54,2020-06-16 05:00:04,2020-06-16 05:00:04
508,Male,1,05:54,18:20,02:01,82%,30°C,partly cloudy,18.8 mm,w 14 mph,7:54,2020-06-16 17:00:04,2020-06-16 17:00:04
509,Male,1,05:54,18:20,02:01,79%,30°C,fine,18.8 mm,WNW 12 mph,5:24,2020-06-17 05:00:04,2020-06-17 05:00:04
510,Male,1,05:54,18:20,02:41,79%,29°C,cloudy,18.8 mm,W 16 mph,5:24,2020-06-17 17:00:04,2020-06-17 17:00:04
511,Male,1,05:54,18:20,02:41,77%,30°C,partly cloudy,18.8 mm,WNW 14 mph,4:30,2020-06-18 05:00:05,2020-06-18 05:00:05
512,Male,1,05:55,18:20,03:23,71%,31°C,fine,18.8 mm,WNW 06 mph,4:30,2020-06-18 17:00:08,2020-06-18 17:00:08
513,Male,1,05:55,18:20,03:23,82%,29°C,fine,18.8 mm,S 07 mph,10:0,2020-06-19 05:00:06,2020-06-19 05:00:06
514,Male,1,05:55,18:20,04:08,77%,27°C,slight rain,10.4 mm,nnw 10 mph,10:0,2020-06-19 17:00:04,2020-06-19 17:00:04
515,Male,1,05:55,18:20,04:08,80%,29°C,cloudy,10.4 mm,Variable 02 mph,1:42,2020-06-20 05:00:04,2020-06-20 05:00:04
516,Male,1,05:55,18:20,04:08,79%,30°C,fine,Trace mm,SW 06 mph,1:42,2020-06-20 17:00:06,2020-06-20 17:00:06
517,Male,1,05:55,18:20,04:08,87%,26°C,cloudy,Trace mm,W 06 mph,10:06,2020-06-21 05:00:04,2020-06-21 05:00:04
518,Male,1,05:55,18:21,05:00,76%,30°C,fine,14.1 mm,W 12 mph,10:06,2020-06-21 17:00:03,2020-06-21 17:00:03
519,Male,1,05:55,18:21,05:00,82%,29°C,partly cloudy,14.1 mm,W 12 mph,8:18,2020-06-22 05:00:04,2020-06-22 05:00:04
520,Male,1,05:55,18:21,06:42,78%,29°C,fine,1.0 mm,WSW 05 mph,8:18,2020-06-22 17:00:05,2020-06-22 17:00:05
521,Male,1,05:55,18:21,06:42,81%,30°C,fine,1.0 mm,W 09 mph,2:0,2020-06-23 05:00:03,2020-06-23 05:00:03
522,Male,1,05:56,18:21,07:39,78%,31°C,fine,0.2 mm,WNW 10 mph,2:0,2020-06-23 17:00:03,2020-06-23 17:00:03
523,Male,1,05:56,18:21,07:39,79%,30°C,fine,0.2 mm,WNW 10 mph,10:36,2020-06-24 05:00:03,2020-06-24 05:00:03
524,Male,1,05:56,18:21,08:36,79%,30°C,fine,NIL,WNW 13 mph,10:36,2020-06-24 17:00:04,2020-06-24 17:00:04
525,Male,1,05:56,18:21,08:36,79%,29°C,fine,NIL,W 14 mph,7:06,2020-06-25 05:00:04,2020-06-25 05:00:04
526,Male,1,05:56,18:21,09:32,77%,30°C,fine,1.2 mm,W 14 mph,7:06,2020-06-25 17:00:05,2020-06-25 17:00:05
527,Male,1,05:56,18:21,09:32,81%,28°C,cloudy,1.2 mm,W 15 mph,5:48,2020-06-26 05:00:04,2020-06-26 05:00:04
528,Male,1,05:56,18:22,10:26,76%,30°C,cloudy,Trace mm,W 14 mph,5:48,2020-06-26 17:00:05,2020-06-26 17:00:05
529,Male,1,05:56,18:22,10:26,83%,26°C,windy,Trace mm,WNW 26 mph,2:54,2020-06-27 05:00:03,2020-06-27 05:00:03
530,Male,1,05:57,18:22,11:18,73%,30°C,fine,3.2 mm,w 12 mph,2:54,2020-06-27 17:00:04,2020-06-27 17:00:04
531,Male,1,05:57,18:22,11:18,74%,30°C,fine,3.2 mm,W 12 mph,6:06,2020-06-28 05:00:03,2020-06-28 05:00:03
532,Male,1,05:57,18:22,12:01,75%,30°C,fine,Trace mm,W 13 mph,6:06,2020-06-28 17:00:03,2020-06-28 17:00:03
533,Male,1,05:57,18:22,12:01,78%,30°C,fine,Trace mm,WNW 15 mph,10:30,2020-06-29 05:00:04,2020-06-29 05:00:04
534,Male,1,05:57,18:22,13:01,76%,30°C,fine,1.8 mm,wnw 09 mph,10:30,2020-06-29 17:00:04,2020-06-29 17:00:04
535,Male,1,05:57,18:22,13:01,79%,30°C,fine,1.8 mm,WNW 09 mph,9:30,2020-06-30 05:00:03,2020-06-30 05:00:03
536,Male,1,05:57,18:22,13:54,73%,30°C,fine,1.1 mm,WNW 10 mph,9:30,2020-06-30 17:00:04,2020-06-30 17:00:04
537,Male,1,05:57,18:22,13:54,75%,30°C,fine,1.1 mm,WSW 08 mph,9:30,2020-07-01 05:00:02,2020-07-01 05:00:02
538,Male,1,05:58,18:23,14:48,67%,31°C,fine,NIL,WSW 05 mph,9:30,2020-07-01 17:00:03,2020-07-01 17:00:03
539,Male,1,05:58,18:23,14:48,75%,30°C,fine,NIL,SSW 03 mph,11:0,2020-07-02 05:00:06,2020-07-02 05:00:06
540,Male,1,05:58,18:23,15:44,68%,32°C,fine,NIL,SSW 09 mph,11:0,2020-07-02 17:00:05,2020-07-02 17:00:05
541,Male,1,05:58,18:23,15:44,82%,28°C,cloudy,NIL,WNW 06 mph,10:06,2020-07-03 05:00:06,2020-07-03 05:00:06
542,Male,1,05:58,18:23,16:42,69%,31°C,fine,NIL,SW 03 mph,10:06,2020-07-03 17:00:05,2020-07-03 17:00:05
543,Male,1,05:58,18:23,16:42,78%,29°C,fine,NIL,S 05 mph,3:18,2020-07-04 05:00:05,2020-07-04 05:00:05
544,Male,1,05:58,18:23,17:41,75%,29°C,fine,NIL,SSW 03 mph,3:18,2020-07-04 17:00:04,2020-07-04 17:00:04
545,Male,1,05:58,18:23,17:41,79%,29°C,fine,NIL,SSE 07 mph,6:54,2020-07-05 05:00:03,2020-07-05 05:00:03
546,Male,1,05:58,18:23,17:41,70%,32°C,fine,Trace mm,SSE 09 mph,6:54,2020-07-05 17:00:05,2020-07-05 17:00:05
547,Male,1,05:58,18:23,17:41,81%,27°C,cloudy,Trace mm,WSW 15 mph,2:24,2020-07-06 05:00:04,2020-07-06 05:00:04
548,Male,1,05:59,18:23,19:34,67%,31°C,cloudy,59.7 mm,SSW 12 mph,2:24,2020-07-06 17:00:03,2020-07-06 17:00:03
549,Male,1,05:59,18:23,19:34,84%,27°C,cloudy,59.7 mm,SE 03 mph,2:42,2020-07-07 05:00:04,2020-07-07 05:00:04
550,Male,1,05:59,18:23,20:26,69%,31°C,fine,0.5 mm,SE 07 mph,2:42,2020-07-07 17:00:04,2020-07-07 17:00:04
